City_ID,City,Lat,Lng,Max Temp,Humidity,Cloudiness,Wind Speed,Country,Date
0,albany,42.6001,-73.9662,3.48,59,95,2.11,US,1674943325
1,bambous virieux,-20.3428,57.7575,25.68,85,94,1.4,MU,1674943327
2,cherskiy,68.75,161.3,-29.82,97,100,1.85,RU,1674943328
3,new norfolk,-42.7826,147.0587,18.73,48,66,1.34,AU,1674943329
4,hobart,-42.8794,147.3294,18.92,64,75,3.6,AU,1674943330
5,punta arenas,-53.15,-70.9167,16.73,39,63,10.79,CL,1674943228
6,tiksi,71.6872,128.8694,-33.6,99,100,2.62,RU,1674943332
7,bandarbeyla,9.4942,50.8122,24.2,73,92,8.94,SO,1674943333
8,saskylakh,71.9167,114.0833,-36.88,99,96,1.49,RU,1674943334
9,geraldton,-28.7667,114.6,18.23,77,0,4.63,AU,1674943083
10,san cristobal,7.7669,-72.225,24.42,52,13,0.49,VE,1674943336
11,camacha,33.0833,-16.3333,11.68,82,40,5.14,PT,1674943337
12,souillac,-20.5167,57.5167,25.71,87,85,2.49,MU,1674943338
13,nikolskoye,59.7035,30.7861,-4.0,92,100,5.12,RU,1674943339
14,jamestown,42.097,-79.2353,2.8,51,100,3.09,US,1674943342
15,vardo,70.3705,31.1107,-0.51,82,83,4.3,NO,1674943343
16,busselton,-33.65,115.3333,13.19,77,23,5.29,AU,1674943343
17,severo-kurilsk,50.6789,156.125,-3.89,79,100,6.73,RU,1674943345
18,lazaro cardenas,17.9583,-102.2,28.61,46,3,4.69,MX,1674943346
19,christchurch,-43.5333,172.6333,19.67,77,100,2.57,NZ,1674943071
20,ancud,-41.8697,-73.8203,17.88,79,14,3.03,CL,1674943347
21,clyde river,70.4692,-68.5914,-20.97,85,100,2.63,CA,1674943348
22,hermanus,-34.4187,19.2345,17.11,63,96,7.8,ZA,1674943349
23,arraial do cabo,-22.9661,-42.0278,25.67,89,27,6.07,BR,1674943350
24,nanyamba,-10.6833,39.8333,21.07,98,15,1.88,TZ,1674943351
25,ushuaia,-54.8,-68.3,13.78,58,7,4.5,AR,1674943353
26,lebu,-37.6167,-73.65,17.26,76,0,9.7,CL,1674943353
27,tura,25.5198,90.2201,14.84,59,4,1.66,IN,1674943355
28,rikitea,-23.1203,-134.9692,25.79,74,47,5.9,PF,1674943357
29,college,64.8569,-147.8028,-7.66,86,100,0.51,US,1674943359
30,lompoc,34.6391,-120.4579,19.45,75,0,4.92,US,1674943361
31,sao joao da barra,-21.6403,-41.0511,25.29,88,74,6.94,BR,1674943361
32,burns lake,54.2331,-125.7533,-8.85,68,2,0.7,CA,1674943362
33,kwekwe,-18.9281,29.8149,20.41,74,44,0.8,ZW,1674943362
34,sotouboua,8.5667,0.9833,27.92,33,91,0.93,TG,1674943363
35,abha,18.2164,42.5053,11.14,58,0,2.06,SA,1674943363
36,margate,51.3813,1.3862,4.83,74,86,0.45,GB,1674943334
37,cidreira,-30.1811,-50.2056,25.34,83,97,4.53,BR,1674943363
38,gobabis,-22.45,18.9667,23.74,46,100,5.51,NA,1674943364
39,anicuns,-16.4611,-49.9617,21.09,91,100,0.46,BR,1674943364
40,nebbi,2.4783,31.0889,22.94,31,2,1.76,UG,1674943364
41,airai,-8.9266,125.4092,16.16,90,81,0.73,TL,1674943365
42,port elizabeth,-33.918,25.5701,17.28,97,99,1.79,ZA,1674943217
43,beyneu,45.3167,55.2,-2.57,60,0,4.19,KZ,1674943365
44,matadi,-5.8167,13.45,24.51,88,14,1.32,CD,1674943366
45,yar-sale,66.8333,70.8333,-21.24,97,91,4.02,RU,1674943366
46,vaini,-21.2,-175.2,28.09,89,75,5.14,TO,1674943366
47,cayenne,4.9333,-52.3333,24.02,94,100,1.03,GF,1674943093
48,ugoofaaru,5.6667,73.0,26.33,77,0,3.41,MV,1674943367
49,biak,-0.9131,122.8766,24.27,84,68,1.03,ID,1674943367
50,hilo,19.7297,-155.09,22.93,62,100,2.15,US,1674943367
51,mataura,-46.1927,168.8643,21.25,46,5,0.24,NZ,1674943147
52,mezen,65.8522,44.24,-4.89,91,100,6.17,RU,1674943368
53,deputatskiy,69.3,139.9,-36.78,97,93,1.84,RU,1674943368
54,isangel,-19.55,169.2667,30.06,79,75,2.06,VU,1674943368
55,provideniya,64.3833,-173.3,-2.99,98,100,2.45,RU,1674943369
56,mahebourg,-20.4081,57.7,25.7,85,93,1.27,MU,1674943369
57,ilulissat,69.2167,-51.1,-9.99,73,100,8.23,GL,1674943369
58,ballina,-28.8667,153.5667,25.56,95,98,1.34,AU,1674943369
59,esperance,-33.8667,121.9,14.7,72,2,3.65,AU,1674943370
60,castro,-24.7911,-50.0119,21.47,52,0,0.09,BR,1674943358
61,dawlatabad,36.4141,64.9053,0.29,88,100,1.25,AF,1674943371
62,sao filipe,14.8961,-24.4956,23.55,70,69,5.9,CV,1674943372
63,east london,-33.0153,27.9116,20.36,79,100,7.95,ZA,1674943372
64,pevek,69.7008,170.3133,-11.68,84,78,5.84,RU,1674943373
65,eureka,40.8021,-124.1637,12.04,75,68,4.02,US,1674943240
66,bluff,-46.6,168.3333,16.53,68,11,4.01,NZ,1674943373
67,ponta do sol,32.6667,-17.1,15.4,72,13,3.22,PT,1674943373
68,ostrovnoy,68.0531,39.5131,-2.76,89,100,10.04,RU,1674943374
69,tuktoyaktuk,69.4541,-133.0374,-21.27,82,62,5.3,CA,1674943374
70,ribeira grande,38.5167,-28.7,14.32,79,10,4.92,PT,1674943374
71,san-pedro,4.7485,-6.6363,25.86,89,14,3.02,CI,1674943375
72,san andres,12.5847,-81.7006,26.14,76,100,8.86,CO,1674943375
73,hithadhoo,-0.6,73.0833,27.26,77,32,5.18,MV,1674943375
74,chokurdakh,70.6333,147.9167,-38.42,100,83,1.03,RU,1674943376
75,kjollefjord,70.9457,27.3465,0.03,80,85,7.2,NO,1674943376
76,glogow,51.6636,16.0845,-0.76,89,88,2.79,PL,1674943129
77,san rafael,-34.6177,-68.3301,32.45,18,0,5.62,AR,1674943377
78,kailua,21.4022,-157.7394,25.99,90,100,1.79,US,1674943377
79,barrow,71.2906,-156.7887,-20.99,77,100,4.63,US,1674943377
80,santa fe,-31.6333,-60.7,32.21,52,70,3.58,AR,1674943378
81,talara,-4.5772,-81.2719,24.22,72,55,4.85,PE,1674943378
82,la argentina,2.1961,-75.98,23.29,56,13,1.68,CO,1674943378
83,vostok,46.4856,135.8833,-34.73,98,41,2.07,RU,1674943378
84,vila franca do campo,37.7167,-25.4333,12.23,80,42,3.13,PT,1674943379
85,port moresby,-9.4431,147.1797,25.89,87,78,2.71,PG,1674943379
86,torbay,47.6666,-52.7314,-1.52,79,50,0.89,CA,1674943379
87,zhigansk,66.7697,123.3711,-41.82,95,100,3.98,RU,1674943380
88,vuktyl,63.8567,57.3094,-8.24,95,100,4.16,RU,1674943380
89,san patricio,28.017,-97.5169,21.93,73,100,8.53,US,1674943381
90,cape canaveral,28.4058,-80.6048,21.68,71,75,4.63,US,1674943381
91,wajir,1.7471,40.0573,26.07,36,0,5.59,KE,1674943383
92,georgetown,5.4112,100.3354,25.96,73,20,0.0,MY,1674943225
93,iqaluit,63.7506,-68.5145,-40.53,94,81,1.22,CA,1674943385
94,flinders,-34.5833,150.8552,27.81,87,81,3.13,AU,1674943388
95,sao geraldo do araguaia,-6.4006,-48.555,23.53,94,96,1.41,BR,1674943389
96,bethel,41.3712,-73.414,9.16,46,0,1.54,US,1674943389
97,saint-philippe,-21.3585,55.7679,25.77,90,99,1.64,RE,1674943392
98,ixtapa,20.7,-105.2,22.9,83,100,0.0,MX,1674943393
99,vila velha,-20.3297,-40.2925,26.97,90,40,5.66,BR,1674943395
100,raudeberg,61.9875,5.1352,5.37,7,100,9.68,NO,1674943399
101,birjand,32.8663,59.2211,-2.03,83,25,0.68,IR,1674943402
102,nioro,13.35,-15.75,27.94,13,47,4.87,GM,1674943403
103,tasiilaq,65.6145,-37.6368,-4.91,92,100,4.64,GL,1674943420
104,tashara,55.5195,83.5094,-11.2,91,100,6.69,RU,1674943420
105,guerrero negro,27.9769,-114.0611,18.82,34,81,3.21,MX,1674943423
106,avarua,-21.2078,-159.775,29.03,74,20,5.14,CK,1674943423
107,tuatapere,-46.1333,167.6833,19.7,51,7,1.74,NZ,1674943424
108,sawtell,-30.3833,153.1,26.21,73,75,6.17,AU,1674943424
109,hasaki,35.7333,140.8333,-4.78,51,97,5.06,JP,1674943425
110,salaya,22.3167,69.6,19.09,47,0,3.99,IN,1674943425
111,tottori,35.5,134.2333,-0.96,86,75,2.06,JP,1674943203
112,lanxi,29.2195,119.477,-0.33,57,0,0.55,CN,1674943425
113,tutoia,-2.7619,-42.2744,26.14,83,57,3.82,BR,1674943426
114,sorland,67.667,12.6934,2.92,75,81,10.51,NO,1674943426
115,klaksvik,62.2266,-6.589,8.51,91,100,15.02,FO,1674943426
116,rudbar,30.15,62.6,7.14,78,100,1.23,AF,1674943427
117,cape town,-33.9258,18.4232,18.4,62,0,7.15,ZA,1674943207
118,fortuna,40.5982,-124.1573,10.92,78,100,5.14,US,1674943427
119,puerto baquerizo moreno,-0.9,-89.6,24.55,94,100,3.09,EC,1674943427
120,general roca,-39.0333,-67.5833,37.57,12,0,5.96,AR,1674943427
121,aksarayskiy,46.7924,48.0119,-1.63,71,70,3.93,RU,1674943428
122,estevan,49.1334,-102.9842,-17.81,92,50,4.99,CA,1674943428
123,victoria,22.2855,114.1577,11.25,32,6,5.36,HK,1674943300
124,rosetta,31.4044,30.4164,15.51,71,16,2.95,EG,1674943429
125,longyearbyen,78.2186,15.6401,-4.09,74,40,8.75,SJ,1674943429
126,praia da vitoria,38.7333,-27.0667,13.2,92,79,6.43,PT,1674943429
127,gorontalo,0.5412,123.0595,23.35,95,88,1.49,ID,1674943430
128,avila,40.5833,-5.0,-0.75,90,84,2.63,ES,1674943430
129,ornskoldsvik,63.2909,18.7153,0.53,74,45,8.75,SE,1674943430
130,kodiak,57.79,-152.4072,1.73,100,100,0.0,US,1674943431
131,luderitz,-26.6481,15.1594,19.15,73,0,9.75,NA,1674943431
132,hovd,48.0056,91.6419,-18.39,79,4,1.0,MN,1674943431
133,kahului,20.8947,-156.47,23.01,78,100,6.17,US,1674943142
134,namatanai,-3.6667,152.4333,27.8,75,84,1.84,PG,1674943432
135,ciudad bolivar,8.1222,-63.5497,29.49,44,26,6.08,VE,1674943432
136,mbour,14.422,-16.9638,21.47,47,61,7.0,SN,1674943432
137,zelenoborsk,61.4669,64.0333,-16.07,94,50,2.76,RU,1674943433
138,ongole,15.5,80.05,21.1,83,0,0.63,IN,1674943433
139,sovetskiy,61.3614,63.5842,-15.48,96,43,2.68,RU,1674943433
140,zyryanka,65.75,150.85,-30.85,99,100,1.07,RU,1674943434
141,hauterive,46.0901,3.4459,2.42,94,75,2.64,FR,1674943434
142,quesnel,52.9999,-122.5029,-9.68,68,6,5.11,CA,1674943244
143,napa,38.4832,-122.3344,16.42,53,3,1.9,US,1674943434
144,puerto escondido,15.85,-97.0667,28.46,61,0,2.57,MX,1674943396
145,port hardy,50.6996,-127.4199,6.31,59,20,4.28,CA,1674943270
146,puerto ayora,-0.7393,-90.3518,27.98,92,87,2.24,EC,1674943435
147,rio gallegos,-51.6226,-69.2181,21.89,31,14,2.43,AR,1674943337
148,atuona,-9.8,-139.0333,26.13,73,36,9.1,PF,1674943435
149,antofagasta,-23.65,-70.4,21.6,78,93,3.09,CL,1674943389
150,najran,17.4924,44.1277,12.67,72,51,1.75,SA,1674943436
151,oum hadjer,13.2954,19.6966,27.84,11,97,4.05,TD,1674943436
152,teguldet,57.3064,88.1667,-8.14,92,100,5.55,RU,1674943436
153,sembe,1.6481,14.5806,25.01,61,53,1.93,CG,1674943437
154,marawi,7.9986,124.2928,20.32,98,93,1.21,PH,1674943437
155,vao,-22.6667,167.4833,24.94,66,100,3.67,NC,1674943437
156,taksimo,56.3444,114.8794,-19.51,93,100,1.22,RU,1674943438
157,katsuura,35.1333,140.3,3.1,55,80,5.0,JP,1674943438
158,ocampo,21.65,-101.5,20.64,17,70,6.77,MX,1674943438
159,te anau,-45.4167,167.7167,20.21,39,4,0.46,NZ,1674943439
160,bulgan,48.8125,103.5347,-16.03,82,11,2.0,MN,1674943439
161,kasterlee,51.2426,4.9699,0.48,83,26,1.41,BE,1674943440
162,dawson creek,55.7666,-120.2362,-14.94,75,12,4.19,CA,1674943317
163,saint-leu,-21.15,55.2833,25.48,85,99,2.53,RE,1674943440
164,dennis,41.7354,-70.1939,8.22,69,0,4.63,US,1674943441
165,qaanaaq,77.484,-69.3632,-20.37,53,14,4.16,GL,1674943441
166,nkhata bay,-11.6066,34.2907,22.98,88,100,1.72,MW,1674943443
167,thompson,55.7435,-97.8558,-22.83,90,100,4.18,CA,1674943444
168,kununurra,-15.7667,128.7333,24.99,83,100,4.12,AU,1674943445
169,xai-xai,-25.0519,33.6442,23.27,91,0,0.57,MZ,1674943447
170,beloha,-25.1667,45.05,25.07,84,100,10.2,MG,1674943448
171,ketrzyn,54.0768,21.3753,-5.38,90,63,3.54,PL,1674943256
172,den helder,52.9599,4.7593,6.1,79,100,3.58,NL,1674943292
173,kapaa,22.0752,-159.319,26.18,69,20,10.29,US,1674943451
174,mar del plata,-38.0023,-57.5575,23.24,84,0,6.26,AR,1674943451
175,port lincoln,-34.7333,135.8667,17.28,84,100,7.65,AU,1674943228
176,derzhavinsk,51.1,66.3167,-13.46,91,100,4.68,KZ,1674943453
177,ust-koksa,50.2696,85.6108,-17.08,90,49,0.48,RU,1674943454
178,san quintin,30.4833,-115.95,15.72,60,1,3.95,MX,1674943454
179,prince rupert,54.3161,-130.3201,5.37,50,0,2.68,CA,1674943455
180,carnarvon,-24.8667,113.6333,23.76,78,0,8.0,AU,1674943458
181,pisco,-13.7,-76.2167,23.03,88,20,2.06,PE,1674943461
182,broome,42.2506,-75.833,5.21,45,0,3.6,US,1674943461
183,berbera,10.4396,45.0143,24.08,75,40,3.18,SO,1674943462
184,vigrestad,58.5667,5.7,5.82,89,97,7.48,NO,1674943463
185,havre-saint-pierre,50.2334,-63.5986,-2.8,93,100,9.77,CA,1674943465
186,bereda,43.2686,-7.5406,5.23,100,73,3.66,ES,1674943466
187,gamba,-2.65,10.0,24.21,82,47,2.01,GA,1674943476
188,paamiut,61.994,-49.6678,-9.11,76,100,4.1,GL,1674943480
189,tazovskiy,67.4667,78.7,-17.17,97,100,2.75,RU,1674943482
190,norman wells,65.282,-126.8329,-21.23,91,22,3.55,CA,1674943458
191,kavaratti,10.5669,72.642,26.38,73,6,4.34,IN,1674943482
192,talnakh,69.4865,88.3972,-20.08,99,98,2.39,RU,1674943483
193,andrews,32.3187,-102.5457,19.04,22,0,6.17,US,1674943344
194,sept-iles,50.2001,-66.3821,-1.64,96,100,8.23,CA,1674943483
195,richards bay,-28.783,32.0377,23.78,89,46,7.44,ZA,1674943257
196,kobryn,52.2138,24.3564,-0.8,84,100,1.96,BY,1674943484
197,loubomo,-4.1997,12.6739,22.1,95,13,1.71,CG,1674943484
198,sibolga,1.7427,98.7792,24.11,87,100,1.49,ID,1674943484
199,florida,28.7505,-82.5001,19.39,64,100,3.09,US,1674943228
200,mahibadhoo,3.7833,72.9667,26.78,77,65,4.67,MV,1674943485
201,sakaiminato,35.55,133.2333,1.96,69,100,8.51,JP,1674943485
202,upernavik,72.7868,-56.1549,-18.84,95,100,4.93,GL,1674943485
203,rawson,-43.3002,-65.1023,28.65,26,1,2.31,AR,1674943486
204,hamilton,39.1834,-84.5333,12.97,44,40,7.72,US,1674943417
205,longos,16.1066,120.3954,20.87,74,61,4.19,PH,1674943486
206,yulara,-25.2406,130.9889,24.28,73,100,2.74,AU,1674943286
207,prado,-17.3411,-39.2208,25.07,86,89,2.98,BR,1674943487
208,abu dhabi,24.4667,54.3667,18.06,55,0,3.09,AE,1674943482
209,buala,-8.145,159.5921,27.96,76,70,1.61,SB,1674943487
210,tiznit,29.5833,-9.5,9.01,73,0,1.48,MA,1674943488
211,lavrentiya,65.5833,-171.0,-11.0,99,90,1.46,RU,1674943488
212,aranos,-24.1333,19.1167,26.98,36,58,2.05,NA,1674943488
213,ushtobe,45.2514,77.9838,-16.24,95,9,1.43,KZ,1674943488
214,coihaique,-45.5752,-72.0662,20.34,63,75,3.6,CL,1674943489
215,west wendover,40.7391,-114.0733,0.92,77,32,0.43,US,1674943315
216,gazojak,41.1875,61.4036,-2.1,57,9,4.09,TM,1674943489
217,khatanga,71.9667,102.5,-35.6,96,21,3.04,RU,1674943489
218,mangai,-4.05,19.5333,21.75,93,92,1.2,CD,1674943490
219,cockburn town,21.4612,-71.1419,24.62,66,9,10.01,TC,1674943490
220,lagunas,-5.2269,-75.6753,32.15,44,84,1.92,PE,1674943491
221,aquiraz,-3.9014,-38.3911,28.05,79,6,4.37,BR,1674943491
222,liverpool,53.4106,-2.9779,6.88,94,100,2.57,GB,1674943491
223,vladimirescu,46.15,21.4,2.21,93,100,2.57,RO,1674943492
224,byron bay,-28.65,153.6167,25.52,85,98,2.33,AU,1674943492
225,codrington,-38.2667,141.9667,14.98,89,100,3.07,AU,1674943492
226,petukhovo,55.0692,67.9019,-12.8,97,89,3.13,RU,1674943493
227,bobcaygeon,44.5462,-78.542,-2.29,83,100,3.27,CA,1674943493
228,kruisfontein,-34.0033,24.7314,16.05,71,100,5.83,ZA,1674943493
229,gonbad-e qabus,37.25,55.1672,8.91,33,96,1.65,IR,1674943252
230,sitka,57.0531,-135.33,6.94,39,0,2.06,US,1674943494
231,faanui,-16.4833,-151.75,27.42,73,8,6.41,PF,1674943494
232,santa isabel do rio negro,-0.4139,-65.0192,27.99,66,97,0.96,BR,1674943495
233,lagoa,39.05,-27.9833,14.32,76,55,7.93,PT,1674943495
234,bredasdorp,-34.5322,20.0403,17.14,55,100,4.86,ZA,1674943495
235,bilibino,68.0546,166.4372,-23.11,99,41,1.64,RU,1674943496
236,kyabe,9.4515,18.9449,28.02,13,100,2.19,TD,1674943496
237,itambacuri,-18.0311,-41.685,22.68,95,19,1.9,BR,1674943496
238,chuy,-33.6971,-53.4616,25.25,71,58,3.5,UY,1674943497
239,bengkulu,-3.8004,102.2655,24.14,87,92,4.07,ID,1674943497
240,yaring,6.8662,101.3689,23.4,90,100,4.99,TH,1674943497
241,butaritari,3.0707,172.7902,27.2,80,97,11.21,KI,1674943498
242,ayan,56.45,138.1667,-26.14,84,70,2.22,RU,1674943498
243,wau,7.7029,27.9953,27.01,21,5,1.12,SS,1674943498
244,slavjanovo,43.4667,24.8667,0.7,98,100,3.68,BG,1674943499
245,chapais,49.7834,-74.8492,-21.02,90,100,4.25,CA,1674943499
246,petropavlovsk-kamchatskiy,53.0452,158.6483,-5.67,80,75,3.0,RU,1674943243
247,laguna,38.421,-121.4238,16.83,49,0,3.09,US,1674943499
248,ocos,14.5094,-92.1933,31.1,65,16,5.61,GT,1674943500
249,obo,5.3998,26.4869,25.25,26,74,1.91,CF,1674943500
250,coxcatlan,18.2667,-97.15,25.3,45,5,2.2,MX,1674943500
251,seoul,37.5683,126.9778,-5.31,75,18,1.26,KR,1674943443
252,yellowknife,62.456,-114.3525,-21.07,87,27,6.62,CA,1674943217
253,coahuayana,18.7333,-103.6833,29.96,37,60,3.29,MX,1674943501
254,pokosnoye,55.5258,101.0536,-7.04,96,100,2.02,RU,1674943501
255,ceres,37.5949,-120.9577,15.94,53,2,0.99,US,1674943235
256,brae,60.3964,-1.353,7.4,81,100,11.6,GB,1674943502
257,hambantota,6.1241,81.1185,21.19,100,20,3.09,LK,1674943503
258,kamaishi,39.2667,141.8833,-4.41,65,45,7.31,JP,1674943503
259,poya,-21.35,165.15,25.6,84,100,1.97,NC,1674943504
260,poum,-20.2333,164.0167,25.99,82,100,3.45,NC,1674943504
261,altay,47.8667,88.1167,-14.47,66,0,2.9,CN,1674943505
262,burla,21.5,83.8667,17.88,61,0,2.09,IN,1674943506
263,khatima,28.9167,79.9667,12.88,57,44,1.85,IN,1674943506
264,conakry,9.538,-13.6773,26.16,81,44,3.69,GN,1674943421
265,dikson,73.5069,80.5464,-25.27,97,98,2.91,RU,1674943507
266,jalalabad,34.4265,70.4515,7.99,54,98,2.53,AF,1674943394
267,myrtle beach,33.6891,-78.8867,12.28,52,78,2.84,US,1674943317
268,san juan,-31.5375,-68.5364,33.42,24,3,5.62,AR,1674943259
269,bud,39.447,-86.1758,12.01,50,93,5.39,US,1674943507
270,margherita,27.2833,95.6833,15.39,66,0,1.0,IN,1674943508
271,mayo,38.8876,-76.5119,13.09,43,0,2.57,US,1674943508
272,havelock,34.8791,-76.9013,12.77,57,85,2.24,US,1674943219
273,abu samrah,35.3029,37.1841,7.23,80,76,2.68,SY,1674943509
274,kargasok,59.0556,80.8572,-6.66,95,100,3.79,RU,1674943509
275,ulladulla,-35.35,150.4667,23.13,84,97,2.29,AU,1674943510
276,constitucion,-35.3333,-72.4167,20.9,54,3,6.71,CL,1674943256
277,ahipara,-35.1667,173.1667,23.07,77,99,4.42,NZ,1674943510
278,yenagoa,4.9247,6.2642,25.58,87,63,2.29,NG,1674943511
279,syasstroy,60.1367,32.5691,-6.03,93,100,6.84,RU,1674943511
280,tromso,69.6496,18.957,0.21,93,75,7.2,NO,1674943511
281,saint anthony,45.0205,-93.218,-13.42,62,0,5.14,US,1674943512
282,port blair,11.6667,92.75,26.65,73,6,6.58,IN,1674943512
283,harper,4.375,-7.7169,25.93,86,18,3.38,LR,1674943512
284,alofi,-19.0595,-169.9187,27.26,76,93,5.21,NU,1674943513
285,mount gambier,-37.8333,140.7667,14.78,91,100,2.51,AU,1674943513
286,padang,-0.9492,100.3543,24.45,86,100,2.26,ID,1674943513
287,pimentel,-6.8367,-79.9342,25.16,61,75,9.26,PE,1674943514
288,komsomolskiy,40.4272,71.7189,-0.6,69,100,0.0,UZ,1674943514
289,chupa,66.27,33.0549,-1.72,87,100,4.94,RU,1674943515
290,olafsvik,64.8945,-23.7142,3.72,77,100,8.77,IS,1674943515
291,sinnamary,5.3833,-52.95,24.31,82,74,3.95,GF,1674943516
292,kaitangata,-46.2817,169.8464,18.94,54,17,1.03,NZ,1674943516
293,leningradskiy,69.3833,178.4167,-16.1,94,100,3.84,RU,1674943516
294,pacific grove,36.6177,-121.9166,15.57,77,100,3.6,US,1674943517
295,merauke,-8.4667,140.3333,25.53,89,100,2.05,ID,1674943275
296,katherine,-14.4667,132.2667,24.18,100,75,0.0,AU,1674943517
297,saint-francois,46.4154,3.9054,1.69,75,100,3.09,FR,1674943517
298,huarmey,-10.0681,-78.1522,23.39,76,100,3.91,PE,1674943518
299,nanortalik,60.1432,-45.2371,-6.0,67,87,15.78,GL,1674943518
300,kalmunai,7.4167,81.8167,21.83,83,100,3.77,LK,1674943510
301,caravelas,-17.7125,-39.2481,25.06,85,78,2.39,BR,1674943519
302,razole,16.4833,81.8333,19.36,94,24,1.89,IN,1674943519
303,luyang,27.6239,110.0989,2.87,44,5,0.58,CN,1674943520
304,coquimbo,-29.9533,-71.3436,19.85,72,0,4.63,CL,1674943520
305,labuhan,-6.8844,112.2051,24.58,90,100,2.67,ID,1674943520
306,garden city,42.3256,-83.331,-0.62,78,100,1.54,US,1674943275
307,muroto,33.2833,134.15,3.6,62,21,5.45,JP,1674943521
308,wanning,18.8003,110.3967,11.63,68,7,4.35,CN,1674943522
309,le mars,42.7942,-96.1656,-13.27,85,75,7.72,US,1674943522
310,cumana,10.4635,-64.1775,24.45,75,7,5.18,VE,1674943523
311,dongying,37.4564,118.4856,-1.83,25,0,5.12,CN,1674943523
312,kirakira,-10.4544,161.9205,28.19,78,100,2.52,SB,1674943523
313,marzuq,14.4,46.4667,15.83,72,24,1.7,YE,1674943524
314,mugur-aksy,50.35,90.5,-16.38,69,100,2.78,RU,1674943524
315,champoton,19.35,-90.7167,27.55,61,57,1.8,MX,1674943375
316,the valley,18.217,-63.0578,25.08,78,75,4.12,AI,1674943524
317,dalvik,65.9702,-18.5286,2.9,87,92,4.33,IS,1674943525
318,telhara,21.0269,76.8389,21.06,48,0,3.25,IN,1674943525
319,port alfred,-33.5906,26.891,18.43,91,100,0.89,ZA,1674943525
320,hereford,52.0568,-2.7148,6.11,86,98,1.67,GB,1674943526
321,freeport,40.6576,-73.5832,10.99,53,0,5.66,US,1674943526
322,lyaskelya,61.7667,31.0167,-0.76,91,100,4.55,RU,1674943527
323,tecoanapa,16.5167,-98.75,28.4,58,0,4.42,MX,1674943527
324,blois,47.5833,1.3333,2.21,86,8,3.01,FR,1674943528
325,daru,-9.0763,143.2092,26.67,80,94,2.01,PG,1674943529
326,presidencia roque saenz pena,-26.7852,-60.4388,31.22,42,100,2.02,AR,1674943530
327,kaeo,-35.1,173.7833,22.96,89,100,3.86,NZ,1674943531
328,taoudenni,22.6783,-3.9836,16.14,23,61,2.24,ML,1674943531
329,manacapuru,-3.2997,-60.6206,26.0,85,55,1.83,BR,1674943531
330,plouzane,48.3833,-4.6167,5.18,75,100,2.57,FR,1674943531
331,stulpicani,47.4667,25.7667,-0.89,95,82,1.31,RO,1674943532
332,cabo san lucas,22.8909,-109.9124,23.06,62,100,5.66,MX,1674943532
333,koshurnikovo,54.1667,93.3,-18.04,99,73,1.31,RU,1674943532
334,bathsheba,13.2167,-59.5167,25.34,65,20,3.6,BB,1674943533
335,fairbanks,64.8378,-147.7164,-7.65,85,100,0.0,US,1674943373
336,ust-kut,56.7938,105.7672,-14.54,99,100,1.48,RU,1674943533
337,tusnad,46.2,25.9,-2.2,82,100,1.03,RO,1674943534
338,jacareacanga,-6.2222,-57.7528,23.94,97,99,1.35,BR,1674943534
339,saint-georges,12.0564,-61.7485,23.7,78,46,4.03,GD,1674943247
340,necochea,-38.5473,-58.7368,23.0,64,6,6.08,AR,1674943534
341,strezhevoy,60.7333,77.5889,-19.32,99,84,3.4,RU,1674943535
342,naze,28.3667,129.4833,10.38,70,98,5.3,JP,1674943535
343,havoysund,70.9963,24.6622,0.13,78,54,8.11,NO,1674943535
344,asmar,35.0333,71.3581,7.76,78,100,4.91,AF,1674943536
345,hermiston,45.8404,-119.2895,6.75,55,75,6.17,US,1674943307
346,saldanha,-33.0117,17.9442,16.58,73,0,11.04,ZA,1674943536
347,radovitskiy,55.1282,39.7956,-6.71,97,99,1.77,RU,1674943536
348,makakilo city,21.3469,-158.0858,24.76,66,100,6.17,US,1674943276
349,lima,-12.0432,-77.0282,22.14,78,0,3.6,PE,1674943500
350,lorengau,-2.0226,147.2712,27.19,80,66,1.79,PG,1674943537
351,olinda,-8.0089,-34.8553,27.85,61,40,5.14,BR,1674943507
352,yarmouth,41.7057,-70.2286,8.31,70,0,4.63,US,1674943537
353,am timan,11.0297,20.2827,28.37,12,100,1.41,TD,1674943538
354,narsaq,60.9167,-46.05,-6.88,71,18,7.87,GL,1674943539
355,murupara,-38.4667,176.7,20.93,99,100,1.92,NZ,1674943539
356,pizarro,4.9533,-77.366,27.14,77,25,2.42,CO,1674943540
357,saint george,37.1041,-113.5841,12.46,38,0,2.06,US,1674943540
358,tepalcatepec,19.1833,-102.85,34.87,14,29,1.75,MX,1674943540
359,koutsouras,35.0339,25.9469,13.39,71,12,1.83,GR,1674943541
360,baijiantan,45.6333,85.1833,-22.3,96,7,1.24,CN,1674943541
361,marienburg,54.0359,19.0266,2.8,85,54,4.62,PL,1674943541
362,wladyslawowo,54.7909,18.4009,2.74,89,79,7.93,PL,1674943542
363,kampong chhnang,12.1667,104.55,19.29,71,69,3.06,KH,1674943542
364,camana,-16.6228,-72.7111,23.79,81,65,3.72,PE,1674943542
365,safford,32.834,-109.7076,16.73,22,0,4.63,US,1674943542
366,seda,57.65,25.75,-2.19,90,100,4.58,LV,1674943543
367,bucerias,20.75,-105.3333,23.32,83,100,2.06,MX,1674943282
368,tessalit,20.1986,1.0114,12.77,14,45,3.75,ML,1674943351
369,morro bay,35.3658,-120.8499,17.22,73,0,1.79,US,1674943543
370,abu kamal,34.4506,40.9171,13.87,55,99,4.95,SY,1674943544
371,muros,42.7762,-9.0603,5.47,81,45,6.85,ES,1674943544
372,nelson bay,-32.7167,152.15,28.38,83,44,4.02,AU,1674943544
373,elko,41.0002,-115.5012,1.01,66,90,3.13,US,1674943545
374,jijiga,9.35,42.8,16.06,78,6,2.21,ET,1674943545
375,chernyshevskiy,63.0128,112.4714,-37.93,100,98,0.13,RU,1674943545
376,lichuan,30.3,108.85,-0.39,78,0,0.87,CN,1674943546
377,lat yao,15.751,99.7893,17.6,52,6,1.78,TH,1674943546
378,la ronge,55.1001,-105.2842,-19.96,87,100,6.42,CA,1674943391
379,ewa beach,21.3156,-158.0072,25.97,62,75,8.23,US,1674943546
380,banda aceh,5.5577,95.3222,24.11,86,100,3.3,ID,1674943547
381,mill creek,47.8601,-122.2043,7.21,89,91,2.24,US,1674943309
382,barra do garcas,-15.89,-52.2567,23.26,90,100,1.98,BR,1674943547
383,guider,9.9342,13.9486,29.13,14,100,2.71,CM,1674943547
384,obsharovka,53.125,48.8531,-19.31,100,91,0.39,RU,1674943548
385,raalte,52.3858,6.275,3.29,87,100,2.93,NL,1674943548
386,nantucket,41.2835,-70.0995,7.08,81,0,5.66,US,1674943548
387,grand-lahou,5.1367,-5.0242,26.45,87,24,4.49,CI,1674943549
388,port-gentil,-0.7193,8.7815,25.98,94,20,0.0,GA,1674943549
389,siyabuswa,-25.1132,29.0445,24.74,30,38,2.25,ZA,1674943549
390,sechura,-5.5569,-80.8222,26.18,60,80,7.19,PE,1674943549
391,dudinka,69.4058,86.1778,-18.53,99,96,2.42,RU,1674943550
392,sisimiut,66.9395,-53.6735,-11.96,81,100,11.94,GL,1674943550
393,portland,45.5234,-122.6762,8.99,86,40,1.79,US,1674943302
394,redmond,47.674,-122.1215,7.9,88,98,3.13,US,1674943490
395,manta,-0.95,-80.7333,27.88,69,40,4.12,EC,1674943551
396,faya,18.3851,42.4509,11.29,76,2,1.12,SA,1674943551
397,deep river,46.1001,-77.4995,-9.28,83,87,2.75,CA,1674943551
398,palmer,42.1584,-72.3287,7.75,46,75,2.57,US,1674943552
399,zalantun,48.0,122.7167,-23.47,100,81,1.25,CN,1674943552
400,baykit,61.67,96.37,-19.64,100,100,0.93,RU,1674943552
401,dunyapur,29.7995,71.7196,11.13,24,29,2.1,PK,1674943553
402,boa vista,2.8197,-60.6733,29.99,45,40,4.12,BR,1674943553
403,sao gabriel da cachoeira,-0.1303,-67.0892,24.89,94,99,1.4,BR,1674943553
404,vestmannaeyjar,63.4427,-20.2734,6.12,76,98,11.1,IS,1674943554
405,biloela,-24.4167,150.5,24.98,69,3,0.91,AU,1674943554
406,gat,31.61,34.7642,16.33,100,68,2.18,IL,1674943554
407,bonthe,7.5264,-12.505,25.58,87,15,4.08,SL,1674943555
408,bilma,18.6853,12.9164,23.46,14,89,2.16,NE,1674943555
409,nouakchott,18.0858,-15.9785,16.96,34,21,5.79,MR,1674943555
410,tera,14.0078,0.7531,23.13,9,100,3.77,NE,1674943556
411,mukdahan,16.5833,104.5,11.35,60,50,6.66,TH,1674943556
412,si sa ket,14.8333,104.3333,14.92,78,56,4.82,TH,1674943556
413,tautira,-17.7333,-149.15,26.95,74,8,5.22,PF,1674943557
414,castlerea,53.7667,-8.5,4.42,92,50,2.58,IE,1674943557
415,corrente,-3.7367,-43.3394,25.74,77,94,1.24,BR,1674943557
416,idaho falls,43.4666,-112.0341,-2.78,84,40,3.6,US,1674943558
417,nome,64.5011,-165.4064,-3.96,100,100,3.09,US,1674943412
418,fukue,32.6881,128.8419,7.4,61,100,9.05,JP,1674943558
419,batemans bay,-35.7167,150.1833,23.94,77,100,2.39,AU,1674943558
420,moose factory,51.2585,-80.6094,-28.51,93,88,1.64,CA,1674943559
421,coffs harbour,-30.3,153.1333,26.18,73,75,6.17,AU,1674943559
422,krasnoobsk,54.9198,82.9909,-10.05,89,68,7.04,RU,1674943559
423,novyy urengoy,66.0833,76.6333,-18.2,96,100,3.61,RU,1674943560
424,yuancheng,36.652,107.7896,-9.15,29,12,0.61,CN,1674943560
425,tres arroyos,-38.3739,-60.2798,27.67,40,1,5.78,AR,1674943560
426,ikwiriri,-7.9562,38.9716,22.14,95,17,0.43,TZ,1674943561
427,pundaguitan,6.3711,126.1689,25.38,85,100,2.64,PH,1674943561
428,jayanca,-6.3908,-79.8219,24.78,47,39,7.39,PE,1674943562
429,algete,40.5971,-3.4974,4.08,65,0,3.09,ES,1674943562
430,erenhot,43.6475,111.9767,-13.2,84,3,3.41,CN,1674943563
431,novita,4.9551,-76.6053,26.63,91,47,0.61,CO,1674943564
432,asadabad,34.7824,48.1185,-1.17,80,89,2.46,IR,1674943565
433,arlit,18.7369,7.3853,18.03,9,40,3.43,NE,1674943565
434,sala consilina,40.3912,15.5989,4.1,93,97,2.28,IT,1674943566
435,nuevitas,21.5453,-77.2644,25.77,67,11,6.97,CU,1674943567
436,la rioja,42.25,-2.5,-1.12,96,100,3.59,ES,1674943567
437,inirida,3.8653,-67.9239,28.41,61,69,0.72,CO,1674943568
438,fomboni,-12.28,43.7425,27.54,77,25,5.53,KM,1674943569
439,skovorodino,53.9833,123.9167,-30.93,100,98,0.41,RU,1674943570
440,saint-augustin,51.226,-58.6502,-13.54,95,98,2.23,CA,1674943571
441,general higinio morinigo,-25.95,-55.9167,29.34,44,95,0.91,PY,1674943571
442,los llanos de aridane,28.6585,-17.9182,13.86,74,75,4.92,ES,1674943573
443,touros,-5.1989,-35.4608,26.75,71,6,6.22,BR,1674943574
444,haines junction,60.7522,-137.5108,-10.91,93,100,0.1,CA,1674943576
445,scottsboro,34.6723,-86.0341,14.06,30,75,4.12,US,1674943369
446,arrecife,28.963,-13.5477,15.99,67,20,3.09,ES,1674943578
447,kautokeino,69.0125,23.0412,-11.0,86,57,4.44,NO,1674943578
448,kalavad,22.2167,70.3833,18.46,45,0,2.16,IN,1674943580
449,praia,14.9215,-23.5087,21.3,78,0,8.23,CV,1674943582
450,show low,34.2542,-110.0298,7.01,31,0,7.2,US,1674943583
451,nanning,22.8167,108.3167,9.03,29,5,1.36,CN,1674943583
452,itoman,26.1247,127.6694,12.01,66,40,6.69,JP,1674943584
453,nemuro,43.3236,145.575,-8.21,68,50,10.55,JP,1674943585
454,altamont,42.2068,-121.7372,5.99,70,0,2.57,US,1674943587
455,omsukchan,62.5333,155.8,-32.46,99,94,1.04,RU,1674943588
456,south shields,54.9986,-1.4323,5.39,91,0,2.57,GB,1674943591
457,kupang,-10.1667,123.5833,24.32,100,20,1.03,ID,1674943595
458,flin flon,54.7682,-101.865,-21.97,88,100,5.19,CA,1674943596
459,maningrida,-12.0667,134.2667,25.11,88,97,1.39,AU,1674943597
460,aktash,50.3,87.7333,-22.06,84,100,1.98,RU,1674943598
461,misratah,32.3754,15.0925,12.66,43,2,5.33,LY,1674943599
462,nargana,9.4428,-78.5906,26.43,74,58,8.1,PA,1674943599
463,cururupu,-1.8283,-44.8683,23.58,93,77,1.38,BR,1674943600
464,shagonar,51.5333,92.8,-22.12,98,100,1.12,RU,1674943600
465,nouadhibou,20.931,-17.0347,17.24,72,75,9.52,MR,1674943601
466,maniitsoq,65.4167,-52.9,-11.74,77,100,5.89,GL,1674943601
467,werda,-25.2667,23.2833,28.49,28,83,2.24,BW,1674943602
468,urussu,54.5981,53.4631,-16.41,99,92,2.01,RU,1674943602
469,paungde,18.4833,95.5,20.12,61,0,1.97,MM,1674943602
470,hastings,50.8552,0.5729,5.29,77,60,1.7,GB,1674943603
471,las tunas,20.9617,-76.9511,26.73,52,42,8.23,CU,1674943407
472,kangaatsiaq,68.3065,-53.4641,-12.47,84,100,10.64,GL,1674943603
473,sychevka,55.8252,34.2736,-4.34,88,100,3.4,RU,1674943603
474,voineasa,44.2833,24.1333,1.32,100,100,1.54,RO,1674943604
475,namibe,-15.1961,12.1522,23.73,83,100,3.75,AO,1674943604
476,coos bay,43.3665,-124.2179,9.62,94,100,2.57,US,1674943604
477,gizo,-8.103,156.8419,28.54,72,21,2.26,SB,1674943605
478,ilebo,-4.3167,20.5833,21.68,94,93,0.65,CD,1674943605
479,eyl,7.9803,49.8164,23.49,73,44,8.48,SO,1674943605
480,waipawa,-41.4122,175.5153,20.76,80,100,3.07,NZ,1674943606
481,pokrovsk,48.282,37.1758,-0.38,84,100,4.63,UA,1674943606
482,skelleftea,64.7507,20.9528,1.2,84,39,9.26,SE,1674943606
483,dzilam gonzalez,21.2833,-88.9333,26.89,65,75,3.21,MX,1674943606
484,xining,36.6167,101.7667,-7.04,33,37,0.25,CN,1674943607
485,kiruna,67.8557,20.2251,-7.49,86,20,6.17,SE,1674943607
486,umba,66.6871,34.3429,-1.0,88,100,6.41,RU,1674943607
487,rocha,-34.4833,-54.3333,24.23,80,67,3.8,UY,1674943609
488,chiang kham,19.5233,100.3,14.69,81,0,0.99,TH,1674943609
489,aykhal,66.0,111.5,-33.33,100,93,1.64,RU,1674943609
490,calama,-22.4667,-68.9333,24.27,29,0,10.29,CL,1674943610
491,marang,5.2056,103.2059,27.2,81,100,4.84,MY,1674943610
492,panjab,34.388,67.0233,-9.28,97,100,1.76,AF,1674943610
493,karratha,-20.7377,116.8463,28.8,56,81,1.98,AU,1674943610
494,tual,-5.6667,132.75,27.45,75,91,2.64,ID,1674943611
495,marabba,12.35,32.1833,26.14,15,63,4.77,SD,1674943611
496,sur,22.5667,59.5289,19.81,65,9,7.65,OM,1674943611
497,lakes entrance,-37.8811,147.981,21.76,71,100,5.68,AU,1674943612
498,riyadh,24.6877,46.7219,12.46,40,0,2.89,SA,1674943533
499,vermillion,42.7794,-96.9292,-14.91,88,100,5.38,US,1674943357
500,northam,51.0333,-4.2167,6.33,88,62,1.84,GB,1674943612
501,aswan,24.0934,32.907,21.24,31,32,2.92,EG,1674943612
502,pochutla,15.7432,-96.4661,31.9,45,5,3.44,MX,1674943613
503,tra vinh,9.9347,106.3453,20.92,71,98,1.57,VN,1674943613
504,scottsbluff,41.8666,-103.6672,-8.87,82,100,7.2,US,1674943613
505,shaki,41.0833,47.1667,3.0,52,100,0.85,AZ,1674943614
506,quatre cocos,-20.2078,57.7625,25.61,86,92,1.99,MU,1674943614
507,simao,22.7886,100.9748,8.94,92,95,0.94,CN,1674943614
508,aripuana,-9.1667,-60.6333,23.41,95,100,0.71,BR,1674943615
509,mandera,3.9366,41.867,27.38,28,4,3.78,KE,1674943615
510,kysyl-syr,63.8986,122.7617,-50.28,100,66,0.39,RU,1674943616
511,kulhudhuffushi,6.6221,73.07,26.4,77,4,3.14,MV,1674943616
512,sakakah,29.9697,40.2064,15.47,49,81,4.34,SA,1674943616
513,turan,16.0678,108.2208,15.99,88,75,2.06,VN,1674943617
514,yumen,40.2833,97.2,-9.2,36,73,4.93,CN,1674943617
515,yerbogachen,61.2767,108.0108,-36.2,100,66,0.88,RU,1674943617
516,okhotsk,59.3833,143.3,-27.48,84,98,4.49,RU,1674943618
517,beira,-19.8436,34.8389,25.71,64,31,4.16,MZ,1674943618
518,zonguldak,41.25,31.8333,2.4,97,100,2.09,TR,1674943618
519,visby,57.6409,18.296,3.12,93,100,4.63,SE,1674943619
520,okha,53.5739,142.9478,-24.58,86,100,8.05,RU,1674943619
521,pedernales,18.0384,-71.744,25.74,65,21,3.05,DO,1674943619
522,bani,18.2833,-70.3333,24.92,56,58,7.54,DO,1674943619
523,valreas,44.3837,4.9908,1.79,86,15,3.86,FR,1674943620
524,slave lake,55.2834,-114.769,-17.73,83,100,7.86,CA,1674943620
525,le port,-20.9373,55.2919,26.0,86,90,1.52,RE,1674943620
526,constantine,36.365,6.6147,3.67,87,75,1.03,DZ,1674943621
527,makokou,0.5738,12.8642,21.83,89,66,1.32,GA,1674943621
528,kommunar,59.6206,30.39,-4.2,90,100,6.18,RU,1674943622
529,udachnyy,66.4167,112.4,-42.56,100,66,1.26,RU,1674943623
530,saquarema,-22.92,-42.5103,27.02,91,27,3.17,BR,1674943625
531,kashi,39.4547,75.9797,-13.13,85,28,1.45,CN,1674943626
532,tucuman,-26.8241,-65.2226,25.35,84,83,0.78,AR,1674943627
533,kulykivka,51.3735,31.6466,-3.32,86,94,2.62,UA,1674943631
534,canakkale,40.0833,26.8333,3.32,89,85,2.32,TR,1674943631
535,dunedin,-45.8742,170.5036,19.89,64,5,1.34,NZ,1674943389
536,juba,4.8517,31.5825,27.14,29,11,1.09,SS,1674943632
537,dothan,31.2232,-85.3905,16.11,35,0,4.12,US,1674943609
538,gigmoto,13.7796,124.39,24.17,88,100,8.51,PH,1674943633
539,springfield,37.2153,-93.2982,12.92,70,100,7.72,US,1674943512
540,north myrtle beach,33.816,-78.68,12.41,55,0,4.63,US,1674943634
541,honiara,-9.4333,159.95,27.63,80,81,0.95,SB,1674943635
542,mayumba,-3.432,10.6554,24.98,83,21,1.83,GA,1674943637
543,ouadda,8.0777,22.4007,21.95,20,9,2.05,CF,1674943637
544,egvekinot,66.3167,-179.1667,-12.34,97,99,0.19,RU,1674943638
545,isla mujeres,21.2311,-86.731,26.76,74,23,5.39,MX,1674943639
546,conil,44.9673,3.7177,-5.66,95,100,4.05,FR,1674943640
547,kourou,5.1552,-52.6478,24.03,84,90,3.3,GF,1674943641
548,marsh harbour,26.5412,-77.0636,21.83,72,54,8.47,BS,1674943537
549,kudahuvadhoo,2.6708,72.8944,26.99,74,61,4.75,MV,1674943642
550,storforshei,66.4043,14.5233,1.88,86,75,7.2,NO,1674943643
551,sangmelima,2.9333,11.9833,19.96,95,37,1.3,CM,1674943643
552,imbituba,-28.24,-48.6703,25.73,82,84,5.71,BR,1674943644
553,canandaigua,42.8742,-77.288,2.8,70,100,2.93,US,1674943644
554,lixourion,38.2019,20.4314,10.38,77,100,2.43,GR,1674943645
555,payyannur,12.1,75.2,21.14,76,3,2.25,IN,1674943646
556,walvis bay,-22.9575,14.5053,18.38,84,11,2.29,NA,1674943647
557,iquitos,-3.7481,-73.2472,29.02,70,40,2.57,PE,1674943648
558,barinitas,8.7622,-70.4111,27.03,46,64,0.52,VE,1674943649
559,catamarca,-28.4696,-65.7852,28.76,62,88,0.89,AR,1674943649
560,road town,18.4167,-64.6167,25.05,78,40,4.12,VG,1674943650
